District_name,State_name,Hindus,Muslims,Sikhs,Buddhists,Jains,Christians,Others_Religions,Population
Kupwara,JAMMU AND KASHMIR,37128,823286,5600,66,39,1700,13,870354
Badgam,JAMMU AND KASHMIR,10110,736054,5559,47,6,1489,2,753745
Leh(Ladakh),JAMMU AND KASHMIR,22882,19057,1092,88635,103,658,54,133487
Kargil,JAMMU AND KASHMIR,10341,108239,1171,20126,28,604,4,140802
Punch,JAMMU AND KASHMIR,32604,431279,11188,83,10,958,2,476835
Rajouri,JAMMU AND KASHMIR,221880,402879,15513,189,26,983,3,642415
Kathua,JAMMU AND KASHMIR,540063,64234,9551,24,16,1828,2,616435
Baramula,JAMMU AND KASHMIR,30621,959185,14770,140,29,1497,7,1008039
Bandipore,JAMMU AND KASHMIR,8439,382006,555,44,17,572,2,392232
Srinagar,JAMMU AND KASHMIR,42540,1177342,12187,285,74,2746,2,1236829
Ganderbal,JAMMU AND KASHMIR,5592,290581,486,25,8,406,4,297446
Pulwama,JAMMU AND KASHMIR,13840,535159,9440,35,6,1109,18,560440
Shupiyan,JAMMU AND KASHMIR,3116,262263,178,6,1,429,6,266215
Anantnag,JAMMU AND KASHMIR,13180,1057005,6140,55,7,1449,7,1078692
Kulgam,JAMMU AND KASHMIR,4267,418076,1035,27,25,460,9,424483
Doda,JAMMU AND KASHMIR,187621,220614,422,21,22,472,42,409936
Ramban,JAMMU AND KASHMIR,81026,200516,753,43,3,414,252,283713
Kishtwar,JAMMU AND KASHMIR,93931,133225,450,2094,3,277,514,230696
Udhampur,JAMMU AND KASHMIR,489044,59771,3418,106,57,1962,235,554985
Reasi,JAMMU AND KASHMIR,153898,156275,3107,15,7,1208,3,314667
Jammu,JAMMU AND KASHMIR,1289240,107489,114272,470,1987,12104,321,1529958
Samba,JAMMU AND KASHMIR,275311,22950,17961,48,16,2306,6,318898
Chamba,HIMACHAL PRADESH,479782,32455,2745,1740,57,1559,14,519080
Kangra,HIMACHAL PRADESH,1461140,19797,8929,14511,194,3023,208,1510075
Lahul AND Spiti,HIMACHAL PRADESH,11649,74,35,19572,3,212,1,31564
Kullu,HIMACHAL PRADESH,415669,2974,1396,15377,94,1568,83,437903
Mandi,HIMACHAL PRADESH,981412,9460,4081,2628,43,876,86,999777
Hamirpur,HIMACHAL PRADESH,449412,3711,591,95,293,243,9,454768
Una,HIMACHAL PRADESH,480138,14275,26009,56,70,390,10,521173
Bilaspur,HIMACHAL PRADESH,371973,6984,2387,113,10,236,7,381956
Solan,HIMACHAL PRADESH,548579,14678,13926,574,591,1452,110,580320
Sirmaur,HIMACHAL PRADESH,476830,33215,15501,2645,236,577,86,529855
Shimla,HIMACHAL PRADESH,791449,11810,4047,3262,185,2025,197,814010
Kinnaur,HIMACHAL PRADESH,64732,448,249,18086,29,485,45,84121
Gurdaspur,PUNJAB,1074332,27667,1002874,405,580,176587,812,2298323
Kapurthala,PUNJAB,336124,10190,453692,6662,553,5445,334,815168
Jalandhar,PUNJAB,1394329,30233,718363,11385,4011,26016,805,2193590
Hoshiarpur,PUNJAB,1000743,23089,538208,3476,2034,14968,531,1586625
Shahid Bhagat Singh Nagar,PUNJAB,401368,6829,192885,5885,695,1479,266,612310
Fatehgarh Sahib,PUNJAB,152851,16808,427521,48,178,1698,251,600163
Ludhiana,PUNJAB,1502403,77713,1863408,2007,19620,16517,1254,3498739
Moga,PUNJAB,158414,9388,818921,178,436,3277,365,995746
Firozpur,PUNJAB,906408,6844,1090815,454,1143,19358,278,2029074
Muktsar,PUNJAB,254920,4333,638625,240,744,1681,433,901896
Faridkot,PUNJAB,141363,3125,469789,155,1109,1227,103,617508
Bathinda,PUNJAB,380569,16299,984286,246,1266,2474,559,1388525
Mansa,PUNJAB,156539,10375,598443,123,1577,917,493,769751
Patiala,PUNJAB,783306,40043,1059944,245,1914,5683,1410,1895686
Amritsar,PUNJAB,690939,12502,1716935,876,3152,54344,1044,2490656
Tarn Taran,PUNJAB,60504,3855,1044903,101,650,6095,47,1119627
Rupnagar,PUNJAB,304481,14492,361045,118,653,2094,143,684627
Sahibzada Ajit Singh Nagar,PUNJAB,476276,29488,478908,257,1257,5342,239,994628
Sangrur,PUNJAB,389410,179116,1077438,268,3222,2406,1038,1655169
Barnala,PUNJAB,112859,13100,467751,108,246,622,481,595527
Chandigarh,CHANDIGARH,852574,51447,138329,1160,1960,8720,246,1055450
Uttarkashi,UTTARAKHAND,324859,3554,167,563,74,353,105,330086
Chamoli,UTTARAKHAND,385818,4395,323,190,11,428,23,391605
Rudraprayag,UTTARAKHAND,240170,1486,38,9,4,171,44,242285
Tehri Garhwal,UTTARAKHAND,609835,7374,290,32,91,656,109,618931
Dehradun,UTTARAKHAND,1424916,202057,36454,11778,5117,13416,217,1696694
Garhwal,UTTARAKHAND,660507,22931,619,58,212,2161,51,687271
Pithoragarh,UTTARAKHAND,475105,6015,260,185,13,1401,30,483439
Bageshwar,UTTARAKHAND,257509,1440,46,102,7,397,16,259898
Almora,UTTARAKHAND,611250,7752,256,201,31,1895,6,622506
Champawat,UTTARAKHAND,249563,8693,336,24,28,870,6,259648
Nainital,UTTARAKHAND,809717,120742,17419,570,356,5091,181,954605
Udham Singh Nagar,UTTARAKHAND,1104452,372267,162768,505,738,6064,159,1648902
Hardwar,UTTARAKHAND,1214935,648119,17364,709,2501,4878,46,1890422
Panchkula,HARYANA,490702,23451,40951,1008,1626,2583,90,561293
Ambala,HARYANA,955096,22143,138202,381,4845,3705,110,1128350
Yamunanagar,HARYANA,984929,138569,84455,161,1555,3646,126,1214205
Kurukshetra,HARYANA,805175,15970,140395,214,375,1943,106,964655
Kaithal,HARYANA,974520,8232,87558,265,351,1769,70,1074304
Karnal,HARYANA,1341002,31650,126207,532,1516,2049,49,1505324
Panipat,HARYANA,1083936,86622,25064,289,4647,2261,99,1205437
Sonipat,HARYANA,1390149,45100,4484,336,6033,1405,29,1450001
Jind,HARYANA,1276669,23016,29103,172,2594,889,56,1334152
Fatehabad,HARYANA,779243,8360,150969,171,1172,996,530,942011
Sirsa,HARYANA,940255,9524,338962,370,2256,2186,624,1295189
Hisar,HARYANA,1701061,21650,12270,334,3620,1945,33,1743931
Bhiwani,HARYANA,1611031,15515,2401,254,1016,873,26,1634445
Rohtak,HARYANA,1043887,8185,3916,200,3491,732,24,1061204
Jhajjar,HARYANA,945693,8247,1042,105,645,734,22,958405
Mahendragarh,HARYANA,913251,5660,1737,75,644,301,15,922088
Rewari,HARYANA,889133,5713,1804,202,1525,701,12,900332
Gurgaon,HARYANA,1408801,70842,15097,944,7451,9725,254,1514432
Mewat,HARYANA,221846,862647,592,516,1453,1235,4,1089263
Faridabad,HARYANA,1588407,161680,34572,640,4883,9743,249,1809733
Palwal,HARYANA,826342,208566,3971,345,915,932,20,1042708
North West,NCT OF DELHI,3211042,291330,92129,2281,43460,14100,345,3656539
North,NCT OF DELHI,726443,119792,19066,1824,13049,7256,81,887978
North East,NCT OF DELHI,1529337,657585,17424,2388,24673,9123,48,2241624
East,NCT OF DELHI,1410852,178807,53027,2643,46927,15792,366,1709346
New Delhi,NCT OF DELHI,124482,8480,2933,312,679,4852,66,142004
Central,NCT OF DELHI,364148,194278,13038,362,5886,3527,107,582320
West,NCT OF DELHI,2087294,149807,271752,1993,11322,18337,273,2543243
South West,NCT OF DELHI,2102743,112691,31692,2784,9215,31226,266,2292958
South,NCT OF DELHI,2155759,445914,69520,3862,11020,41880,645,2731929
Ganganagar,RAJASTHAN,1437144,50688,474853,938,1988,2077,164,1969168
Hanumangarh,RAJASTHAN,1433067,118673,216997,241,1935,1542,138,1774692
Bikaner,RAJASTHAN,2073356,235741,20072,285,30850,1901,79,2363937
Churu,RAJASTHAN,1777879,249736,402,188,7104,958,127,2039547
Jhunjhunun,RAJASTHAN,1905682,228178,275,56,548,1004,85,2137045
Alwar,RAJASTHAN,3039279,547335,64532,4384,13221,2696,348,3674179
Bharatpur,RAJASTHAN,2143046,371286,23456,899,5758,1576,18,2548462
Dhaulpur,RAJASTHAN,1127520,72258,1356,92,2739,688,21,1206516
Karauli,RAJASTHAN,1370977,81553,297,70,3424,602,413,1458248
Sawai Madhopur,RAJASTHAN,1165505,155681,812,177,9991,945,42,1335551
Dausa,RAJASTHAN,1582335,45488,296,94,3737,439,115,1634409
Jaipur,RAJASTHAN,5819980,687452,18782,1020,81079,12708,257,6626178
Sikar,RAJASTHAN,2342076,327583,356,177,4050,1122,15,2677333
Nagaur,RAJASTHAN,2833443,454487,366,163,12940,1912,276,3307743
Jodhpur,RAJASTHAN,3224399,411558,4123,514,36697,6035,80,3687165
Jaisalmer,RAJASTHAN,497045,168129,1723,98,1521,874,34,669919
Barmer,RAJASTHAN,2244882,321192,450,157,34010,1157,34,2603751
Jalor,RAJASTHAN,1732852,78990,231,144,14640,730,82,1828730
Sirohi,RAJASTHAN,996562,30479,572,114,6829,1284,56,1036346
Pali,RAJASTHAN,1870543,143476,1540,141,18974,1345,52,2037573
Ajmer,RAJASTHAN,2201663,314159,6799,417,45614,10605,184,2583052
Tonk,RAJASTHAN,1243527,153146,378,122,22458,754,30,1421326
Bundi,RAJASTHAN,1017688,66609,11059,144,13455,682,24,1110906
Bhilwara,RAJASTHAN,2224839,142427,1468,183,35149,1978,60,2408523
Rajsamand,RAJASTHAN,1105676,33677,260,100,14966,759,68,1156597
Dungarpur,RAJASTHAN,1340065,28662,240,226,16141,830,853,1388552
Banswara,RAJASTHAN,1701234,48834,427,138,22613,22250,109,1797485
Chittaurgarh,RAJASTHAN,1413163,97855,1515,252,25843,1274,136,1544338
Kota,RAJASTHAN,1661307,243993,11058,280,25742,5665,286,1951014
Baran,RAJASTHAN,1133349,79984,3066,84,2795,1432,48,1222755
Jhalawar,RAJASTHAN,1299751,96164,819,46,12488,842,42,1411129
Udaipur,RAJASTHAN,2869976,104307,4278,209,78647,7406,373,3068420
Pratapgarh,RAJASTHAN,827293,25597,72,32,14077,358,27,867848
Saharanpur,UTTAR PRADESH,1966892,1454052,18627,1937,10208,6523,135,3466382
Muzaffarnagar,UTTAR PRADESH,2382914,1711453,18601,1516,16345,6495,60,4143512
Bijnor,UTTAR PRADESH,2032081,1585210,50624,1736,2134,6184,41,3682713
Moradabad,UTTAR PRADESH,2488265,2248392,7555,1260,2426,13157,382,4772006
Rampur,UTTAR PRADESH,1073890,1181337,65316,384,1307,9201,63,2335819
Jyotiba Phule Nagar,UTTAR PRADESH,1075440,750368,5295,189,517,5952,21,1840221
Meerut,UTTAR PRADESH,2183255,1185643,24912,1855,18544,10582,236,3443689
Baghpat,UTTAR PRADESH,917474,364583,483,161,16139,1840,25,1303048
Ghaziabad,UTTAR PRADESH,3414427,1186776,23001,3487,16412,19026,265,4681645
Gautam Buddha Nagar,UTTAR PRADESH,1394025,215500,9261,895,4518,7366,91,1648115
Bulandshahr,UTTAR PRADESH,2707195,777407,2765,669,1572,4088,86,3499171
Aligarh,UTTAR PRADESH,2904140,729283,5875,2582,2805,7635,91,3673889
Mahamaya Nagar,UTTAR PRADESH,1397225,159448,524,424,1289,1350,63,1564708
Mathura,UTTAR PRADESH,2310776,216933,2872,883,2056,3179,126,2547184
Agra,UTTAR PRADESH,3922718,411313,12057,4049,21508,10076,384,4418797
Firozabad,UTTAR PRADESH,2140745,314812,1804,3395,19077,3370,61,2498156
Mainpuri,UTTAR PRADESH,1746649,100723,475,8814,4161,1729,38,1868529
Budaun,UTTAR PRADESH,2867707,790515,1135,1959,678,6320,87,3681896
Bareilly,UTTAR PRADESH,2830768,1536534,28187,4371,931,14822,339,4448359
Pilibhit,UTTAR PRADESH,1449007,489686,84787,360,138,3510,45,2031007
Shahjahanpur,UTTAR PRADESH,2412595,527581,51090,2312,301,4630,84,3006538
Kheri,UTTAR PRADESH,3078262,807600,94388,18454,487,7502,226,4021243
Sitapur,UTTAR PRADESH,3555450,893725,11611,2663,1410,6579,79,4483992
Hardoi,UTTAR PRADESH,3508131,556219,5688,6671,446,5822,98,4092845
Unnao,UTTAR PRADESH,2732016,363453,1204,920,240,3574,31,3108367
Lucknow,UTTAR PRADESH,3537787,985070,23883,3877,4975,20493,504,4589838
Rae Bareli,UTTAR PRADESH,2975998,413243,2424,722,397,3634,602,3405559
Farrukhabad,UTTAR PRADESH,1596278,276846,3160,3161,487,3137,100,1885204
Kannauj,UTTAR PRADESH,1375788,273967,504,2033,606,1263,65,1656616
Etawah,UTTAR PRADESH,1457892,113961,1045,1733,3917,1362,94,1581810
Auraiya,UTTAR PRADESH,1273546,101963,371,332,228,1004,444,1379545
Kanpur Dehat,UTTAR PRADESH,1612968,176327,478,819,155,1300,103,1796184
Kanpur Nagar,UTTAR PRADESH,3792174,720660,29676,2733,5710,15751,589,4581268
Jalaun,UTTAR PRADESH,1509708,171581,463,2875,256,1148,145,1689974
Jhansi,UTTAR PRADESH,1823930,147842,4951,1203,7328,7050,311,1998603
Lalitpur,UTTAR PRADESH,1163804,33724,1034,69,20390,1351,41,1221592
Hamirpur,UTTAR PRADESH,1010014,91269,196,74,41,814,273,1104285
Mahoba,UTTAR PRADESH,815142,57454,389,94,234,965,157,875958
Banda,UTTAR PRADESH,1637549,157612,231,168,916,1367,50,1799410
Chitrakoot,UTTAR PRADESH,955372,34559,63,101,285,693,27,991730
Fatehpur,UTTAR PRADESH,2274674,350700,402,172,199,2201,47,2632733
Pratapgarh,UTTAR PRADESH,2731351,452394,1451,7795,746,3920,43,3209141
Kaushambi,UTTAR PRADESH,1372381,220423,522,687,545,2225,3,1599596
Allahabad,UTTAR PRADESH,5102041,796756,4377,4391,2247,13782,305,5954391
Bara Banki,UTTAR PRADESH,2505444,737106,2090,1553,3016,4857,211,3260699
Faizabad,UTTAR PRADESH,2094271,365806,1912,737,358,3225,185,2470996
Ambedkar Nagar,UTTAR PRADESH,1985654,401678,869,1817,235,2536,33,2397888
Sultanpur,UTTAR PRADESH,3119590,650261,1629,9989,426,4453,336,3797117
Bahraich,UTTAR PRADESH,2291892,1169330,8212,2793,1177,6400,38,3487731
Shrawasti,UTTAR PRADESH,768643,343981,407,323,68,1427,56,1117361
Balrampur,UTTAR PRADESH,1333242,805975,900,1866,198,3228,87,2148665
Gonda,UTTAR PRADESH,2739076,678615,1893,649,338,4735,57,3433919
Siddharthnagar,UTTAR PRADESH,1789704,748073,681,11964,179,3042,356,2559297
Basti,UTTAR PRADESH,2082976,364510,900,9753,107,3493,99,2464464
Sant Kabir Nagar,UTTAR PRADESH,1300586,404410,447,4393,95,1766,35,1715183
Mahrajganj,UTTAR PRADESH,2196884,458650,1381,16030,243,3527,338,2684703
Gorakhpur,UTTAR PRADESH,4009037,403847,2123,2848,460,9662,207,4440895
Kushinagar,UTTAR PRADESH,2928462,620244,767,4619,383,5006,133,3564544
Deoria,UTTAR PRADESH,2730957,358539,818,1182,209,3626,146,3100946
Azamgarh,UTTAR PRADESH,3878626,718692,719,5652,183,3810,226,4613913
Mau,UTTAR PRADESH,1769937,428555,340,564,155,2109,129,2205968
Ballia,UTTAR PRADESH,3004240,213440,892,1595,233,4463,64,3239774
Jaunpur,UTTAR PRADESH,3981502,483750,1286,7898,349,4947,114,4494204
Ghazipur,UTTAR PRADESH,3233790,368153,810,3145,213,4181,184,3620268
Chandauli,UTTAR PRADESH,1727869,215081,1389,340,100,2153,1175,1952756
Varanasi,UTTAR PRADESH,3107681,546987,3309,1146,1898,7696,298,3676841
Sant Ravidas Nagar (Bhadohi),UTTAR PRADESH,1368291,203887,199,1562,161,1365,7,1578213
Mirzapur,UTTAR PRADESH,2292534,195765,1133,341,701,2373,27,2496970
Sonbhadra,UTTAR PRADESH,1738769,103567,1649,1747,487,3963,1907,1862559
Etah,UTTAR PRADESH,1611126,146346,708,2887,5671,2464,18,1774480
Kanshiram Nagar,UTTAR PRADESH,1211427,213822,2280,3907,313,1969,72,1436719
Pashchim Champaran,BIHAR,3047427,865090,926,1337,296,8469,1895,3935042
Purba Champaran,BIHAR,4086453,990349,668,878,464,4865,104,5099371
Sheohar,BIHAR,552492,99342,216,73,52,522,44,656246
Sitamarhi,BIHAR,2672311,740101,261,253,188,2897,20,3423574
Madhubani,BIHAR,3652168,818912,564,328,442,3262,169,4487379
Supaul,BIHAR,1809936,409251,271,136,546,3758,42,2229076
Araria,BIHAR,1593525,1207442,371,187,1910,4116,63,2811569
Kishanganj,BIHAR,531236,1149095,398,183,1476,5783,28,1690400
Purnia,BIHAR,1989420,1255641,614,353,1450,7989,650,3264619
Katihar,BIHAR,1684589,1365645,2754,212,507,8659,2141,3071029
Madhepura,BIHAR,1753829,241760,170,60,133,1342,81,2001762
Saharsa,BIHAR,1629254,266620,197,60,109,1292,8,1900661
Darbhanga,BIHAR,3042729,881476,832,245,236,3534,101,3937385
Muzaffarpur,BIHAR,4032773,745546,933,288,382,5149,98,4801062
Gopalganj,BIHAR,2119262,436057,271,167,133,2463,28,2562012
Siwan,BIHAR,2712635,608282,369,407,359,2618,86,3330464
Saran,BIHAR,3534772,406449,371,229,322,2330,107,3951862
Vaishali,BIHAR,3152346,333980,707,362,246,2203,71,3495021
Samastipur,BIHAR,3800598,452370,554,292,231,2126,112,4261566
Begusarai,BIHAR,2554330,407348,402,229,276,2209,57,2970541
Khagaria,BIHAR,1486989,175588,143,79,86,1253,115,1666886
Bhagalpur,BIHAR,2487866,537098,415,180,1050,3556,32,3037766
Banka,BIHAR,1772655,250925,139,113,94,6138,1035,2034763
Munger,BIHAR,1252319,110416,338,95,145,1815,61,1367765
Lakhisarai,BIHAR,956396,40886,140,52,78,487,52,1000912
Sheikhpura,BIHAR,596102,37653,75,41,43,313,31,636342
Nalanda,BIHAR,2669775,198033,393,414,561,1978,64,2877653
Patna,BIHAR,5356075,439952,4803,1062,2151,12551,203,5838465
Bhojpur,BIHAR,2518216,197819,544,647,1472,2165,48,2728407
Buxar,BIHAR,1591454,105423,248,5090,97,2125,57,1706352
Kaimur (Bhabua),BIHAR,1456229,155283,296,7707,129,1407,1534,1626384
Rohtas,BIHAR,2645415,300487,2569,1584,252,2889,537,2959918
Aurangabad,BIHAR,2291133,237353,295,334,775,2218,19,2540073
Gaya,BIHAR,3876395,488121,913,870,1723,3943,108,4391418
Nawada,BIHAR,1964620,244394,250,176,279,1299,80,2219146
Jamui,BIHAR,1525746,217621,162,159,87,8443,3438,1760405
Jehanabad,BIHAR,1045117,75742,148,248,60,691,58,1125313
Arwal,BIHAR,634099,64259,59,323,74,390,60,700843
North  District,SIKKIM,14883,815,816,23318,35,2660,921,43709
West District,SIKKIM,75286,965,40,36390,20,13002,10477,136435
South District,SIKKIM,84583,1889,151,35053,45,21462,3176,146850
East District,SIKKIM,177910,6198,861,72455,214,23398,1726,283583
Tawang,ARUNACHAL PRADESH,11842,787,1164,34920,72,776,349,49977
West Kameng,ARUNACHAL PRADESH,31265,1970,328,36087,71,8466,5556,83947
East Kameng,ARUNACHAL PRADESH,12333,652,36,452,23,37136,27868,78690
Papum Pare,ARUNACHAL PRADESH,57027,6148,310,4768,139,84397,22586,176573
Upper Subansiri,ARUNACHAL PRADESH,13474,521,28,297,11,8779,59449,83448
West Siang,ARUNACHAL PRADESH,15881,2218,577,3311,49,29969,60005,112274
East Siang,ARUNACHAL PRADESH,27854,2289,69,776,30,18254,49393,99214
Upper Siang,ARUNACHAL PRADESH,5261,411,27,2577,7,5643,20967,35320
Changlang,ARUNACHAL PRADESH,47683,2134,94,50381,95,35969,11738,148226
Tirap,ARUNACHAL PRADESH,20682,1103,61,778,43,83361,5325,111975
Lower Subansiri,ARUNACHAL PRADESH,9551,1482,27,193,13,34402,37085,83030
Kurung Kumey,ARUNACHAL PRADESH,4859,471,43,121,81,51189,34158,92076
Dibang Valley,ARUNACHAL PRADESH,3141,111,7,126,2,223,4267,8004
Lower Dibang Valley,ARUNACHAL PRADESH,28915,2247,33,2932,19,9213,10393,54080
Lohit,ARUNACHAL PRADESH,99020,3846,210,24452,104,10684,7277,145726
Anjaw,ARUNACHAL PRADESH,13088,655,273,644,12,271,6137,21167
Mon,NAGALAND,8102,3444,84,1256,314,236494,1,250260
Mokokchung,NAGALAND,9840,2057,78,442,66,181847,6,194622
Zunheboto,NAGALAND,2580,772,39,286,6,136995,2,140757
Wokha,NAGALAND,5605,2043,34,318,8,158236,20,166343
Dimapur,NAGALAND,108900,31212,566,1270,2148,234239,157,378811
Phek,NAGALAND,3563,950,31,350,17,158224,198,163418
Tuensang,NAGALAND,2979,1052,27,572,5,191864,1,196596
Longleng,NAGALAND,873,635,5,77,0,48849,0,50484
Kiphire,NAGALAND,1040,564,13,210,1,71803,1,74004
Kohima,NAGALAND,25496,4384,998,1519,80,234955,335,267988
Peren,NAGALAND,4076,1850,15,459,10,86145,2493,95219
Senapati,MANIPUR,43833,1649,140,2409,53,426819,1243,479148
Tamenglong,MANIPUR,2995,589,59,425,57,134760,1144,140651
Churachandpur,MANIPUR,12034,2886,152,495,87,254979,2333,274143
Bishnupur,MANIPUR,175102,18691,56,76,16,4264,38457,237399
Thoubal,MANIPUR,267146,107323,106,114,24,4322,42347,422168
Imphal West,MANIPUR,387497,24298,589,1891,1264,23377,77032,517992
Imphal East,MANIPUR,274906,80199,181,639,62,27361,70825,456113
Ukhrul,MANIPUR,7553,1115,108,635,70,174112,32,183998
Chandel,MANIPUR,10810,3086,136,400,59,129049,354,144182
Mamit,MIZORAM,2989,1782,13,12328,25,69104,19,86364
Kolasib,MIZORAM,4000,4426,16,108,2,75210,46,83955
Aizawl,MIZORAM,13249,5264,105,1570,76,379134,505,400309
Champhai,MIZORAM,1075,699,9,151,45,123446,194,125745
Serchhip,MIZORAM,991,335,6,60,9,63444,35,64937
Lunglei,MIZORAM,5231,1290,74,27543,93,127124,5,161428
Lawngtlai,MIZORAM,1668,522,52,51549,122,63892,2,117894
Saiha,MIZORAM,933,514,11,102,4,54977,2,56574
West Tripura,TRIPURA,1512801,152791,499,2128,362,53622,430,1725739
South Tripura,TRIPURA,736015,49258,245,49420,106,39258,808,876001
Dhalai,TRIPURA,307120,8256,175,39120,85,22940,206,378230
North Tripura,TRIPURA,507967,105737,151,34717,307,44062,70,693947
West Garo Hills,MEGHALAYA,122936,106788,209,3392,144,389956,16950,643291
East Garo Hills,MEGHALAYA,17272,3359,56,1004,38,289708,5617,317917
South Garo Hills,MEGHALAYA,7036,1050,27,332,10,132984,362,142334
West Khasi Hills,MEGHALAYA,6498,1533,58,1313,38,366881,5878,383461
Ribhoi,MEGHALAYA,30945,1838,166,428,49,218508,6308,258840
East Khasi Hills,MEGHALAYA,144935,14185,2495,3111,303,543394,115597,825922
Jaintia Hills,MEGHALAYA,12456,1646,34,284,45,271596,107559,395124
Kokrajhar,ASSAM,529068,252271,93,1718,396,101091,123,887142
Dhubri,ASSAM,388380,1553023,254,101,1846,4107,45,1949258
Goalpara,ASSAM,347878,579929,771,194,477,77862,103,1008183
Barpeta,ASSAM,492966,1198036,112,49,399,1020,14,1693622
Morigaon,ASSAM,451882,503257,113,65,244,834,11,957423
Nagaon,ASSAM,1225246,1563203,3036,1073,1162,26844,61,2823768
Sonitpur,ASSAM,1422824,350536,1363,5088,1003,138166,221,1924110
Lakhimpur,ASSAM,797130,193476,412,1074,250,46217,2410,1042137
Dhemaji,ASSAM,655052,13475,297,911,167,8711,6315,686133
Tinsukia,ASSAM,1181347,48373,1999,16228,837,76877,395,1327929
Dibrugarh,ASSAM,1198401,64526,2261,4673,1055,52968,46,1326335
Sivasagar,ASSAM,1007277,95553,902,3953,286,33147,8541,1151050
Jorhat,ASSAM,1008219,54684,1540,2378,719,21051,578,1092256
Golaghat,ASSAM,917426,90312,1131,3863,530,50582,1347,1066888
Karbi Anglong,ASSAM,766000,20290,370,6260,397,157789,3568,956313
Dima Hasao,ASSAM,143593,4358,207,680,70,63310,1170,214102
Cachar,ASSAM,1038985,654816,280,341,1673,37635,98,1736617
Karimganj,ASSAM,521962,692489,114,446,524,11990,110,1228686
Hailakandi,ASSAM,251194,397653,84,490,247,8480,636,659296
Bongaigaon,ASSAM,359145,371033,384,236,871,5924,9,738804
Chirang,ASSAM,320647,109248,87,406,125,49747,482,482162
Kamrup,ASSAM,877495,601784,319,185,1330,33297,55,1517542
Kamrup Metropolitan,ASSAM,1064412,151071,3679,1627,9250,18810,170,1253938
Nalbari,ASSAM,491582,277488,62,27,1004,429,9,771639
Baksa,ASSAM,782901,135750,156,1189,239,27076,353,950075
Darrang,ASSAM,327322,597392,431,57,724,1688,19,928500
Udalguri,ASSAM,612425,105319,215,1681,124,110215,229,831668
Darjiling,WEST BENGAL,1366681,105086,2032,209240,1840,141848,15523,1846823
Jalpaiguri,WEST BENGAL,3156781,445817,2994,50676,1461,186279,23816,3872846
Koch Bihar,WEST BENGAL,2087766,720033,449,445,1869,4122,158,2819086
Uttar Dinajpur,WEST BENGAL,1482943,1501170,477,432,1324,16702,1622,3007134
Dakshin Dinajpur,WEST BENGAL,1232850,412788,276,148,323,24794,2786,1676276
Maldah,WEST BENGAL,1914352,2045151,747,359,639,13209,7929,3988845
Murshidabad,WEST BENGAL,2359061,4707573,766,348,3037,18102,7429,7103807
Birbhum,WEST BENGAL,2181515,1298054,582,258,1152,10906,6051,3502404
Barddhaman,WEST BENGAL,6008472,1599764,16675,1602,1674,21220,44968,7717563
Nadia,WEST BENGAL,3728482,1382682,849,514,281,33835,16893,5167600
North Twenty Four Parganas,WEST BENGAL,7352769,2584684,9394,5818,4452,26933,2930,10009781
Hugli,WEST BENGAL,4574569,870204,2662,1730,2160,7300,49050,5519145
Bankura,WEST BENGAL,3033581,290450,386,260,2904,3865,260694,3596674
Puruliya,WEST BENGAL,2373120,227249,622,209,3052,8646,309029,2930115
Haora,WEST BENGAL,3535844,1270641,4380,1258,9699,8666,1265,4850029
Kolkata,WEST BENGAL,3440290,926414,13849,4771,21178,39758,1452,4496694
South Twenty Four Parganas,WEST BENGAL,5155545,2903075,2783,2494,972,66498,6065,8161961
Paschim Medinipur,WEST BENGAL,5056953,620554,2854,2019,1550,23287,184278,5913457
Purba Medinipur,WEST BENGAL,4343972,743436,746,317,574,2648,359,5095875
Garhwa,JHARKHAND,1104475,194680,123,371,20,17168,4591,1322784
Chatra,JHARKHAND,903179,116710,888,35,129,6565,12936,1042886
Kodarma,JHARKHAND,605138,107018,944,32,980,1221,269,716259
Giridih,JHARKHAND,1856202,508586,937,650,1503,14645,59218,2445474
Deoghar,JHARKHAND,1165140,302626,143,188,282,6027,16067,1492073
Godda,JHARKHAND,937126,289182,97,128,115,37795,47067,1313551
Sahibganj,JHARKHAND,628044,398243,198,245,125,83208,38426,1150567
Pakur,JHARKHAND,410127,322963,356,283,222,75865,88760,900422
Dhanbad,JHARKHAND,2149480,431762,9727,331,1268,11243,77182,2684487
Bokaro,JHARKHAND,1636460,241451,4174,1890,2045,13730,160524,2062330
Lohardaga,JHARKHAND,112378,95012,51,33,15,16770,235987,461790
Purbi Singhbhum,JHARKHAND,1550178,203999,38544,892,1670,30172,465367,2293919
Palamu,JHARKHAND,1683169,238295,734,188,284,6164,5681,1939869
Latehar,JHARKHAND,473049,69808,120,128,16,47653,133525,726978
Hazaribagh,JHARKHAND,1397227,281247,1312,71,1676,17137,34154,1734495
Ramgarh,JHARKHAND,774251,129037,5093,69,537,7260,32378,949443
Dumka,JHARKHAND,1044726,106865,234,267,162,86404,78622,1321442
Jamtara,JHARKHAND,550560,164406,520,118,783,4419,68564,791042
Ranchi,JHARKHAND,1612239,410759,4826,932,2733,193974,677445,2914253
Khunti,JHARKHAND,138863,13122,69,245,148,136438,241292,531885
Gumla,JHARKHAND,309563,51429,221,531,23,202449,457468,1025213
Simdega,JHARKHAND,201524,15103,51,753,114,306601,73930,599578
Pashchimi Singhbhum,JHARKHAND,423937,38103,946,389,52,87587,945864,1502338
Saraikela-Kharsawan,JHARKHAND,709016,63588,1114,187,72,8113,280469,1065056
Bargarh,ORISSA,1459065,7527,652,161,125,11744,44,1481255
Jharsuguda,ORISSA,553587,12783,1441,80,70,10462,67,579505
Sambalpur,ORISSA,964188,20120,2506,310,86,50637,1117,1041099
Debagarh,ORISSA,296001,704,53,102,7,14518,409,312520
Sundargarh,ORISSA,1532352,71391,5713,710,721,385011,89986,2093437
Kendujhar,ORISSA,1752694,27752,2177,209,131,9141,7372,1801733
Mayurbhanj,ORISSA,2113079,33706,661,162,109,15008,351714,2519738
Baleshwar,ORISSA,2197709,94254,237,111,201,6434,18345,2320529
Bhadrak,ORISSA,1398543,104202,169,81,111,745,61,1506337
Kendrapara,ORISSA,1386792,50247,169,62,52,1423,24,1440361
Jagatsinghapur,ORISSA,1086140,46929,206,74,58,1604,63,1136971
Cuttack,ORISSA,2457729,141263,1026,6276,1180,11985,168,2624470
Jajapur,ORISSA,1725595,93642,470,58,100,1623,3073,1827192
Dhenkanal,ORISSA,1185542,4805,124,366,39,727,139,1192811
Anugul,ORISSA,1258684,7512,812,226,36,3383,971,1273821
Nayagarh,ORISSA,955754,5278,107,33,24,383,12,962789
Khordha,ORISSA,2147632,84060,1264,475,476,12527,434,2251673
Puri,ORISSA,1644905,46094,193,243,94,4239,302,1698730
Ganjam,ORISSA,3486059,13315,590,174,170,23975,76,3529031
Gajapati,ORISSA,353160,1556,53,2180,66,219482,4,577817
Kandhamal,ORISSA,580300,2138,82,290,47,148895,23,733110
Baudh,ORISSA,438152,1007,24,5,11,522,7,441162
Subarnapur,ORISSA,605225,1566,58,46,17,2374,6,610183
Balangir,ORISSA,1618175,7811,565,467,2225,16271,141,1648997
Nuapada,ORISSA,601092,4952,724,76,905,1778,22,610382
Kalahandi,ORISSA,1555367,4975,796,175,1225,11160,220,1576869
Rayagada,ORISSA,874445,4607,219,249,123,84916,44,967911
Nabarangapur,ORISSA,1178005,6753,169,189,325,32152,54,1220946
Koraput,ORISSA,1294151,8850,518,219,491,68550,3384,1379647
Malkangiri,ORISSA,600219,1871,213,43,195,10039,35,613192
Koriya,CHHATTISGARH,604259,25878,1391,84,1155,9398,15474,658917
Surguja,CHHATTISGARH,2126195,81442,2303,1287,623,97432,48295,2359886
Jashpur,CHHATTISGARH,629509,15336,474,467,694,189588,14835,851669
Raigarh,CHHATTISGARH,1422986,17332,2117,781,409,47653,1782,1493984
Korba,CHHATTISGARH,1133176,30195,3666,897,753,21059,15649,1206640
Janjgir - Champa,CHHATTISGARH,1597089,14173,635,556,707,2926,2220,1619707
Bilaspur,CHHATTISGARH,2540763,57973,6373,2979,2357,20745,29122,2663629
Kabeerdham,CHHATTISGARH,776013,12206,924,433,1167,980,30222,822526
Rajnandgaon,CHHATTISGARH,1399658,23648,3761,28541,8187,5193,67444,1537133
Durg,CHHATTISGARH,3129745,83499,24276,19587,17209,24304,42569,3343872
Raipur,CHHATTISGARH,3881485,103038,16707,8397,17137,23181,10680,4063872
Mahasamund,CHHATTISGARH,1008061,12570,2941,521,1495,5284,1417,1032754
Dhamtari,CHHATTISGARH,777188,10425,1196,667,3612,2644,3685,799781
Uttar Bastar Kanker,CHHATTISGARH,627460,6040,552,2213,1071,4007,105869,748941
Bastar,CHHATTISGARH,1277975,12413,2099,985,3466,27951,86925,1413199
Narayanpur,CHHATTISGARH,129161,776,96,71,409,600,8542,139820
Dakshin Bastar Dantewada,CHHATTISGARH,513915,6437,457,352,1044,4888,6071,533638
Bijapur,CHHATTISGARH,245151,1617,68,1649,15,2709,3793,255230
Sheopur,MADHYA PRADESH,638702,41396,6387,201,379,230,40,687861
Morena,MADHYA PRADESH,1875495,76159,557,3234,6681,1092,92,1965970
Bhind,MADHYA PRADESH,1595400,66776,4047,12215,19950,973,73,1703005
Gwalior,MADHYA PRADESH,1835299,141735,24790,4361,18058,4119,217,2032036
Datia,MADHYA PRADESH,747693,28483,490,7923,453,683,10,786754
Shivpuri,MADHYA PRADESH,1648749,51200,7151,3421,12171,1117,72,1726050
Tikamgarh,MADHYA PRADESH,1383475,44143,251,109,15569,588,39,1445166
Chhatarpur,MADHYA PRADESH,1676918,70351,968,250,10409,1980,102,1762375
Panna,MADHYA PRADESH,974748,35214,186,37,4734,418,218,1016520
Sagar,MADHYA PRADESH,2198297,103480,4146,991,62992,5580,168,2378458
Damoh,MADHYA PRADESH,1186420,47966,1096,119,25005,1681,82,1264219
Satna,MADHYA PRADESH,2158623,59471,1163,364,3135,2228,1689,2228935
Rewa,MADHYA PRADESH,2268838,85414,832,986,655,1964,232,2365106
Umaria,MADHYA PRADESH,620515,15966,190,70,220,667,6028,644758
Neemuch,MADHYA PRADESH,741288,67324,1110,224,14165,1508,115,826067
Mandsaur,MADHYA PRADESH,1192588,125548,849,242,19029,1120,77,1340411
Ratlam,MADHYA PRADESH,1267043,151071,1353,175,29353,3996,123,1455069
Ujjain,MADHYA PRADESH,1718204,233133,3241,945,24622,4659,211,1986864
Shajapur,MADHYA PRADESH,1321003,174724,631,179,13755,815,66,1512681
Dewas,MADHYA PRADESH,1376591,174259,2330,382,6497,2355,72,1563715
Dhar,MADHYA PRADESH,2051219,116202,1607,328,12199,2261,88,2185793
Indore,MADHYA PRADESH,2728225,415142,25696,11496,71667,18523,720,3276697
Khargone (West Nimar),MADHYA PRADESH,1725441,135085,2896,284,6028,2075,89,1873046
Barwani,MADHYA PRADESH,1318869,58222,2361,416,2289,2967,263,1385881
Rajgarh,MADHYA PRADESH,1433879,106928,460,121,1599,1243,50,1545814
Vidisha,MADHYA PRADESH,1287391,149548,914,295,18490,1313,70,1458875
Bhopal,MADHYA PRADESH,1755861,525434,10789,21688,25950,23432,335,2371061
Sehore,MADHYA PRADESH,1163607,137980,640,357,6232,1404,66,1311332
Raisen,MADHYA PRADESH,1195235,120331,2262,253,10637,1725,190,1331597
Betul,MADHYA PRADESH,1505745,37590,1078,9651,3759,3271,13048,1575362
Harda,MADHYA PRADESH,527462,38640,676,93,1573,683,55,570465
Hoshangabad,MADHYA PRADESH,1175203,52269,3127,1550,3888,4453,107,1241350
Katni,MADHYA PRADESH,1240650,37232,1167,157,5342,3158,2643,1292042
Jabalpur,MADHYA PRADESH,2159065,203652,13256,4320,33728,23142,21010,2463289
Narsimhapur,MADHYA PRADESH,1038628,39048,997,262,8125,914,2873,1091854
Dindori,MADHYA PRADESH,605435,6736,260,61,687,4238,84006,704524
Mandla,MADHYA PRADESH,849518,16558,436,297,1789,12450,170533,1054905
Chhindwara,MADHYA PRADESH,1923920,100692,2258,24471,7830,4893,25771,2090922
Seoni,MADHYA PRADESH,1145052,79739,360,7288,4982,1857,135315,1379131
Balaghat,MADHYA PRADESH,1519384,38542,1050,72162,4778,5295,58064,1701698
Guna,MADHYA PRADESH,1172248,49203,3271,529,13474,1208,52,1241519
Ashoknagar,MADHYA PRADESH,778214,40707,8009,1352,15094,635,27,845071
Shahdol,MADHYA PRADESH,997073,42426,912,268,1737,2372,19448,1066063
Anuppur,MADHYA PRADESH,686524,21473,606,86,1653,2132,35434,749237
Sidhi,MADHYA PRADESH,1077545,34419,128,92,93,511,12556,1127033
Singrauli,MADHYA PRADESH,1118998,46574,1422,338,182,2332,6139,1178273
Jhabua,MADHYA PRADESH,960925,15733,141,65,8871,38423,388,1025048
Alirajpur,MADHYA PRADESH,705060,17660,65,36,780,4600,271,728999
Khandwa (East Nimar),MADHYA PRADESH,1182330,116277,1726,1425,3856,2800,158,1310061
Burhanpur,MADHYA PRADESH,552526,180840,1074,19883,1884,1199,99,757847
Kachchh,GUJARAT,1608921,442355,6353,490,25312,6192,98,2092371
Banas Kantha,GUJARAT,2890305,213505,486,281,12659,1686,83,3120506
Patan,GUJARAT,1194745,142797,337,66,3602,916,66,1343734
Mahesana,GUJARAT,1885732,136431,1082,146,7087,1954,88,2035064
Sabar Kantha,GUJARAT,2260560,148563,614,168,11110,6375,52,2428589
Gandhinagar,GUJARAT,1319586,57273,1985,497,6405,3237,82,1391753
Ahmadabad,GUJARAT,6042416,883238,14542,4518,209287,50754,2055,7214225
Surendranagar,GUJARAT,1620282,109681,512,312,22992,1419,128,1756268
Rajkot,GUJARAT,3397406,361388,1918,1170,33591,5478,269,3804558
Jamnagar,GUJARAT,1810443,320805,1873,1086,18856,4392,136,2160119
Porbandar,GUJARAT,549749,33565,248,91,515,500,38,585449
Junagadh,GUJARAT,2397056,334858,1110,1291,3841,2586,77,2743082
Amreli,GUJARAT,1410463,99105,415,243,2053,919,40,1514190
Bhavnagar,GUJARAT,2632574,212863,1410,445,26974,3457,127,2880365
Anand,GUJARAT,1798794,250919,1524,267,8591,29789,142,2092745
Kheda,GUJARAT,2000884,264482,1403,300,3479,26629,82,2299885
Panch Mahals,GUJARAT,2220974,158513,662,337,5236,2863,131,2390776
Dohad,GUJARAT,2045243,66353,493,260,3331,9907,114,2127086
Vadodara,GUJARAT,3713941,384579,9340,2069,27650,23813,1124,4165626
Narmada,GUJARAT,559848,22600,147,80,373,4413,2078,590297
Bharuch,GUJARAT,1188204,343511,1733,442,4813,9494,342,1551019
The Dangs,GUJARAT,203545,3593,69,32,39,20029,560,228291
Navsari,GUJARAT,1225087,78669,2459,601,13386,5733,2823,1329672
Valsad,GUJARAT,1571147,94034,1589,913,13809,19661,1417,1705678
Surat,GUJARAT,5260193,660772,5703,12902,112835,21052,3920,6081322
Tapi,GUJARAT,725890,22309,239,1476,1828,52930,408,807022
Diu,DAMAN AND DIU,48613,3190,3,1,43,202,0,52074
Daman,DAMAN AND DIU,171537,16087,169,216,244,2618,79,191173
Dadra AND Nagar Haveli,DADRA AND NAGAR HAVELI,322857,12922,217,634,1186,5113,293,343709
Nandurbar,MAHARASHTRA,1521618,96182,685,4969,6191,8467,2907,1648295
Dhule,MAHARASHTRA,1825460,187901,1422,13405,12818,3653,912,2050862
Jalgaon,MAHARASHTRA,3457615,560261,3091,143865,27404,7091,9662,4229917
Buldana,MAHARASHTRA,1845424,354236,1668,364229,12242,3531,522,2586258
Akola,MAHARASHTRA,1107809,357253,1504,328033,10205,4483,389,1813906
Washim,MAHARASHTRA,859949,142672,518,179330,8476,1707,381,1197160
Amravati,MAHARASHTRA,2055177,421410,2242,383891,11360,7223,3288,2888445
Wardha,MAHARASHTRA,1057096,53854,2147,175417,5663,2696,2254,1300774
Nagpur,MAHARASHTRA,3492202,390974,20469,668050,24528,34667,12181,4653570
Bhandara,MAHARASHTRA,1009352,26502,831,154458,1017,2145,3555,1200334
Gondiya,MAHARASHTRA,1153861,26157,2160,125282,1568,1827,5080,1322507
Gadchiroli,MAHARASHTRA,927411,21063,681,82695,454,3872,30047,1072942
Chandrapur,MAHARASHTRA,1780085,92297,5251,286734,3861,10701,23188,2204307
Yavatmal,MAHARASHTRA,2251401,239236,1596,249874,11422,4567,3745,2772348
Nanded,MAHARASHTRA,2501741,471951,13540,354189,5049,3902,1273,3361292
Hingoli,MAHARASHTRA,863199,127552,643,176679,5278,992,103,1177345
Parbhani,MAHARASHTRA,1328385,306364,1371,187899,6238,2081,262,1836086
Jalna,MAHARASHTRA,1504641,274221,1629,152540,9619,12542,336,1959046
Aurangabad,MAHARASHTRA,2545438,786677,5142,309093,30981,15991,1005,3701282
Nashik,MAHARASHTRA,5237009,693052,8912,94783,38212,23946,1795,6107187
Thane,MAHARASHTRA,8716055,1355630,39149,449617,172052,280700,9862,11060148
Mumbai Suburban,MAHARASHTRA,6337132,1795788,47288,469568,343639,322476,18345,9356962
Mumbai,MAHARASHTRA,1873762,773173,13471,134257,166000,84555,31094,3085411
Raigarh,MAHARASHTRA,2239370,227465,7477,121791,12260,17452,1159,2634200
Pune,MAHARASHTRA,8090254,673704,27090,340404,127786,134192,9873,9429408
Ahmadnagar,MAHARASHTRA,4107143,320743,5431,33898,38718,22766,1408,4543159
Bid,MAHARASHTRA,2174672,320395,824,68482,8719,2097,399,2585049
Latur,MAHARASHTRA,2006984,367664,935,66535,6387,2387,310,2454196
Osmanabad,MAHARASHTRA,1437623,178925,340,28216,4530,942,195,1657576
Solapur,MAHARASHTRA,3795424,441254,1279,35497,28134,9882,568,4317756
Satara,MAHARASHTRA,2691952,146970,1182,141315,12810,4408,676,3003741
Ratnagiri,MAHARASHTRA,1307211,187197,230,113467,3347,1990,95,1615069
Sindhudurg,MAHARASHTRA,780384,26264,219,24762,1046,15471,53,849651
Kolhapur,MAHARASHTRA,3379906,286558,1570,29766,154882,15573,1274,3876001
Sangli,MAHARASHTRA,2440312,239607,1260,38210,87453,9098,769,2822143
Adilabad,ANDHRA PRADESH,2399901,275970,1377,25510,617,15422,322,2741239
Nizamabad,ANDHRA PRADESH,2123426,391596,2357,1847,542,19653,146,2551335
Karimnagar,ANDHRA PRADESH,3491139,244723,2086,332,312,24979,115,3776269
Medak,ANDHRA PRADESH,2637313,342449,1309,554,457,34301,217,3033288
Hyderabad,ANDHRA PRADESH,2046051,1713405,11446,1268,19560,87522,1929,3943323
Rangareddy,ANDHRA PRADESH,4458858,617518,8062,2041,3536,144037,1629,5296741
Mahbubnagar,ANDHRA PRADESH,3673456,334172,658,290,388,21345,267,4053028
Nalgonda,ANDHRA PRADESH,3249231,188646,937,241,250,35025,132,3488809
Warangal,ANDHRA PRADESH,3273755,197333,1453,253,569,31377,126,3512576
Khammam,ANDHRA PRADESH,2595321,158887,655,217,459,33463,539,2797370
Srikakulam,ANDHRA PRADESH,2666950,9025,193,77,160,18879,106,2703114
Vizianagaram,ANDHRA PRADESH,2299129,16423,380,114,815,17853,183,2344474
Visakhapatnam,ANDHRA PRADESH,4105320,86330,2301,850,2316,77607,286,4290589
East Godavari,ANDHRA PRADESH,4983330,77777,738,413,4149,77825,403,5154296
West Godavari,ANDHRA PRADESH,3733191,86142,288,209,1578,109120,211,3936966
Krishna,ANDHRA PRADESH,4023678,307043,1393,863,6320,145598,906,4517398
Guntur,ANDHRA PRADESH,4217597,559770,764,323,3282,89763,332,4887813
Prakasam,ANDHRA PRADESH,3150195,220654,266,97,204,18775,206,3397448
Sri Potti Sriramulu Nellore,ANDHRA PRADESH,2639737,288378,678,239,2610,26202,146,2963557
Y.S.R.,ANDHRA PRADESH,2391231,454108,367,105,751,23281,245,2882469
Kurnool,ANDHRA PRADESH,3328380,670737,737,255,2235,33165,434,4053463
Anantapur,ANDHRA PRADESH,3599372,443456,932,341,1417,20463,309,4081148
Chittoor,ANDHRA PRADESH,3737588,397870,867,253,1322,24129,358,4174064
Belgaum,KARNATAKA,4038331,528412,2037,1086,178310,18418,149,4779661
Bagalkot,KARNATAKA,1634229,219991,443,412,25198,3433,166,1889752
Bijapur,KARNATAKA,1786830,369588,558,374,8665,2433,499,2177331
Bidar,KARNATAKA,1289709,335184,1145,30453,680,35438,521,1703300
Raichur,KARNATAKA,1634062,272022,538,2265,4156,10394,29,1928812
Koppal,KARNATAKA,1218024,161770,296,85,2898,4081,461,1389920
Gadag,KARNATAKA,907750,143665,231,79,5993,3432,74,1064570
Dharwad,KARNATAKA,1390020,386834,1486,715,29037,28747,2748,1847023
Uttara Kannada,KARNATAKA,1187306,187974,305,12804,3624,44530,64,1437169
Haveri,KARNATAKA,1281878,297927,419,68,9834,2406,702,1597668
Bellary,KARNATAKA,2103633,320834,1029,284,8044,14014,54,2452595
Chitradurga,KARNATAKA,1520553,128751,322,84,3778,3175,128,1659456
Davanagere,KARNATAKA,1658465,265805,307,164,6417,5420,1743,1945497
Shimoga,KARNATAKA,1479424,234664,400,120,9234,26521,367,1752753
Udupi,KARNATAKA,1009179,96740,232,161,4534,65838,155,1177361
Chikmagalur,KARNATAKA,1004553,101235,182,109,4710,26000,4,1137961
Tumkur,KARNATAKA,2413812,245923,477,187,5067,9130,161,2678980
Bangalore,KARNATAKA,7725070,1248294,13254,5531,83090,504863,498,9621551
Mandya,KARNATAKA,1712695,77801,322,299,3607,8506,109,1805769
Hassan,KARNATAKA,1630814,120011,289,623,5820,15611,3,1776421
Dakshina Kannada,KARNATAKA,1403854,501896,525,445,10397,171398,138,2089649
Kodagu,KARNATAKA,448986,87274,139,126,250,17130,220,554519
Mysore,KARNATAKA,2631985,290549,1255,16194,14419,39361,493,3001127
Chamarajanagar,KARNATAKA,942071,47210,136,4872,761,22183,140,1020791
Gulbarga,KARNATAKA,2011014,513125,826,9589,4865,8344,330,2566326
Yadgir,KARNATAKA,997974,155340,331,7970,1519,8677,996,1174271
Kolar,KARNATAKA,1305431,199873,253,150,2494,26722,92,1536401
Chikkaballapura,KARNATAKA,1100131,147810,264,85,975,4684,77,1255104
Bangalore Rural,KARNATAKA,890429,92252,389,272,1045,5368,85,990923
Ramanagara,KARNATAKA,959260,114311,383,104,859,6390,57,1082636
North Goa,GOA,622213,57941,618,553,546,134169,166,818008
South Goa,GOA,341664,63623,855,542,563,231961,92,640537
Lakshadweep,LAKSHADWEEP,1788,62268,8,10,11,317,7,64473
Kasaragod,KERALA,729987,486913,151,362,130,87454,152,1307375
Kannur,KERALA,1509592,742483,424,1118,193,262526,722,2523003
Wayanad,KERALA,404460,234185,61,312,1797,174453,286,817420
Kozhikode,KERALA,1734958,1211131,297,235,601,131516,588,3086293
Malappuram,KERALA,1135259,2888849,205,179,68,81556,579,4112920
Palakkad,KERALA,1875980,812936,220,238,78,114397,400,2809934
Thrissur,KERALA,1823442,532839,259,278,62,757484,585,3121200
Ernakulam,KERALA,1509557,514397,860,614,1176,1248137,1083,3282388
Idukki,KERALA,541854,82206,100,189,44,481507,384,1108974
Kottayam,KERALA,983598,126499,204,358,83,858608,565,1974551
Alappuzha,KERALA,1460447,224545,268,146,74,435056,311,2127789
Pathanamthitta,KERALA,681666,55074,153,150,44,456404,262,1197412
Kollam,KERALA,1697635,508500,208,272,63,421598,619,2635375
Thiruvananthapuram,KERALA,2194057,452915,404,301,76,630573,1082,3301427
Thiruvallur,TAMIL NADU,3325823,143093,1422,951,3693,233633,530,3728104
Chennai,TAMIL NADU,3751322,439270,2851,2804,51708,358662,1759,4646732
Kancheepuram,TAMIL NADU,3537399,173785,1620,990,4962,256762,756,3998252
Vellore,TAMIL NADU,3397857,414760,676,438,3514,111390,251,3936331
Tiruvannamalai,TAMIL NADU,2294369,91636,232,157,7898,66987,110,2464875
Viluppuram,TAMIL NADU,3174941,133896,325,238,4032,138279,278,3458873
Salem,TAMIL NADU,3326357,95487,412,174,992,53841,246,3482056
Namakkal,TAMIL NADU,1673652,32483,183,108,84,16909,199,1726601
Erode,TAMIL NADU,2115455,76098,435,148,639,55899,157,2251744
The Nilgiris,TAMIL NADU,569477,78452,338,382,910,84610,87,735394
Dindigul,TAMIL NADU,1879494,105012,313,256,71,169945,138,2159775
Karur,TAMIL NADU,993666,53292,115,29,7,16483,79,1064493
Tiruchirappalli,TAMIL NADU,2279413,190964,324,250,628,246156,253,2722290
Perambalur,TAMIL NADU,521658,32702,83,39,38,10301,26,565223
Ariyalur,TAMIL NADU,708397,7942,104,88,65,37403,42,754894
Cuddalore,TAMIL NADU,2391675,123749,401,236,1280,83334,138,2605914
Nagapattinam,TAMIL NADU,1435072,128617,184,450,963,47579,110,1616450
Thiruvarur,TAMIL NADU,1132785,96092,258,151,279,33192,64,1264277
Thanjavur,TAMIL NADU,2075870,190814,231,795,1256,133971,148,2405890
Pudukkottai,TAMIL NADU,1428784,114194,119,81,32,72850,293,1618345
Sivaganga,TAMIL NADU,1186078,74310,150,80,109,75481,24,1339101
Madurai,TAMIL NADU,2760502,168881,520,199,1532,97711,305,3038252
Theni,TAMIL NADU,1148990,56751,152,79,28,37574,74,1245899
Virudhunagar,TAMIL NADU,1822626,47838,245,87,98,67405,75,1942288
Ramanathapuram,TAMIL NADU,1047411,208038,154,86,29,91139,36,1353445
Thoothukkudi,TAMIL NADU,1373920,80740,127,286,53,291908,112,1750176
Tirunelveli,TAMIL NADU,2425630,303368,268,373,144,342254,450,3077233
Kanniyakumari,TAMIL NADU,909872,78590,160,438,156,876299,10,1870374
Dharmapuri,TAMIL NADU,1452956,38304,164,39,37,14089,87,1506843
Krishnagiri,TAMIL NADU,1723737,115303,468,121,373,35956,221,1879809
Coimbatore,TAMIL NADU,3044145,211035,1112,435,3284,190314,237,3458045
Tiruppur,TAMIL NADU,2278835,123983,455,198,371,70015,119,2479052
Yanam,PONDICHERRY,53537,1191,3,1,4,873,4,55626
PONDICHERRY,PONDICHERRY,855294,32674,245,366,1328,58328,147,950289
Mahe,PONDICHERRY,27940,12856,3,21,14,958,3,41816
Karaikal,PONDICHERRY,152638,28835,46,63,54,18391,14,200222
Nicobars,ANDAMAN AND NICOBAR ISLANDS,8681,1336,343,119,0,26077,248,36842
North  AND Middle Andaman,ANDAMAN AND NICOBAR ISLANDS,81163,2165,77,84,4,21870,47,105597
South Andaman,ANDAMAN AND NICOBAR ISLANDS,174452,28912,866,135,27,33037,269,238142
